{
	"class_name" : "ViewTrajectory",
	"interval" : 29,
	"is_loop" : false,
	"trajectory" : 
	[
		{
			"boundingbox_max" : [ 0.26611291503906248, 0.20000000000000004, 0.2349993896484375 ],
			"boundingbox_min" : [ -0.029999450683593751, -0.026429351806640598, -0.012 ],
			"field_of_view" : 60.0,
			"front" : [ 0.020652515462453884, -0.78856891628477166, 0.61459949387754464 ],
			"lookat" : [ 0.12670860417249638, 0.13918912279569934, 0.16828182270072334 ],
			"up" : [ -0.0050101240780627701, 0.61464125929631819, 0.78879086013173261 ],
			"zoom" : 0.88000000000000012
		}
	],
	"version_major" : 1,
	"version_minor" : 0
}