{
	"class_name" : "ViewTrajectory",
	"interval" : 29,
	"is_loop" : false,
	"trajectory" : 
	[
		{
			"boundingbox_max" : [ 3.9043035888671875, 2.9533823852539061, 3.0631420898437498 ],
			"boundingbox_min" : [ 1.4245438232421874, 0.045198730468749997, 1.5395690220424108 ],
			"field_of_view" : 60.0,
			"front" : [ -0.49846838095045537, 0.56685011656014295, 0.65590412298474254 ],
			"lookat" : [ 1.6551224693931783, 0.91737311925652254, 1.8548853742682478 ],
			"up" : [ 0.57120963894944088, -0.35437491786543074, 0.7403634012828556 ],
			"zoom" : 0.81900000000000039
		}
	],
	"version_major" : 1,
	"version_minor" : 0
}